code,original_filename,mime_type,size,extension
c/e/5/3/ce531b5e95eb7e375c27fb33de2db2768380534a_apollon.jpg,apollon.jpg,image/jpeg,6144,jpg
5/1/b/9/51b91fbc9207be1b646ec0d2afbcdbf3ae3b8420_artemis.jpg,artemis.jpg,image/jpeg,5013,jpg
e/5/3/7/e537567677effa1bf10726b9175d7c7d7eb0b092_athena.jpg,athena.jpg,image/jpeg,3069,jpg
a/a/a/b/aaabc1851b57a5be1b81a433a0750be8e5a3a502_bacchus.jpg,bacchus.jpg,image/jpeg,8918,jpg
8/9/4/e/894e211b0a66b849d53f4beedb807982631ffc8c_climbingshoe.jpg,climbingshoe.jpg,image/jpeg,220576,jpg
3/9/b/e/39be290888414d84db74f4b6f0051a8b9d29be2d_feet_1842328_960_720.jpg,feet-1842328_960_720.jpg,image/jpeg,106764,jpg
b/7/1/1/b7117721ccbce182c06fc4cf2d8ff30360b8a80d_converse_932667_960_720.jpg,converse-932667_960_720.jpg,image/jpeg,145973,jpg
d/2/5/8/d258264ab8c306c364c7af373758910942520e20_diana2.jpg,diana2.jpg,image/jpeg,63869,jpg
a/b/7/8/ab78aef0912393ef4f5a2227f299da2113a6d145_dressshoe.jpg,dressshoe.jpg,image/jpeg,110913,jpg
c/e/b/e/cebebe9ce3b612d21430be9cb4f0343b9b082b1b_elegance.jpg,elegance.jpg,image/jpeg,54617,jpg
d/7/e/9/d7e9ba3ebafc073d0a80df601b5780fba6918f19_stilleto.jpg,stilleto.jpg,image/jpeg,161085,jpg
5/b/3/a/5b3a658bacefe45d84498f09f79e2b81e419c567_terminus.jpg,terminus.jpg,image/jpeg,9104,jpg
c/f/a/3/cfa378fe5d47a85fd95360560aaa38732fd4c74a_braided_hat.jpg,braided-hat.jpg,image/jpeg,106830,jpg
5/1/c/6/51c653120f7b3045b7e19f8a64c92c78fcbfb662_red.png,red.png,image/png,1485051,png
7/e/3/a/7e3a8ba7c3e20e27acd89b343b832e59ad4e9918_unique_size.jpg,unique-size.jpg,image/jpeg,261678,jpg
d/d/f/c/ddfc8bc78b8c1629934ba7a9574adacadc7ad82a_apollon.jpg,apollon.jpg,image/jpeg,6144,jpg
3/4/d/e/34de849b06b58ce2734500000156b45e71b3a729_artemis.jpg,artemis.jpg,image/jpeg,5013,jpg
8/5/f/0/85f0874c86a607c85211ef7c4e8396ac07655619_bacchus.jpg,bacchus.jpg,image/jpeg,8918,jpg
0/d/8/5/0d85354f579d88c7e9cf65607fcf8bca4d657d87_diana2.jpg,diana2.jpg,image/jpeg,63869,jpg
e/2/e/e/e2eebd01180b497ab332cec4eadc9a6b9012766f_t_shirt_marron.png,t-shirt-marron.png,image/png,297069,png
8/b/b/9/8bb97c9cff0cc81a1b912dab693270c451403ab1_t_shirt_green.jpg,t-shirt-green.jpg,image/jpeg,54279,jpg
b/9/c/f/b9cfb0ee6cf5e0e9d6fbfc94ec4e3a87bb3626c0_plain_red.jpg,plain_red.jpg,image/jpeg,219214,jpg
3/0/7/8/3078140eed05b112ca4561ecef1042844d6a3bdd_blue.png,blue.png,image/png,1714929,png
2/2/2/3/222339326f97dc8372d07479ad22d4c5efa69436_grey.png,grey.png,image/png,1521660,png
a/7/0/6/a7066887ff86c7d5320aa6443e66a9f855a42b20_red.png,red.png,image/png,1485051,png
7/8/4/3/784331a5e12aecf187282a1ced54e7a60b14fe1a_bag.jpg,bag.jpg,image/jpeg,4345,jpg
0/0/3/4/0034ed07d1901b2ce5e75458702f6ef6d1ffdda3_15743_12361250_2167.jpg,15743_12361250-2167.jpg,image/jpeg,18087,jpg
d/5/2/b/d52b08d791d7f292713ddbbb41578fd0a916c79f_12249736_407.jpg,12249736-407.jpg,image/jpeg,14033,jpg
5/4/6/f/546fdf58e37b7f16f461a39033d5641c8cdb5422_100121_1864.jpg,100121-1864.jpg,image/jpeg,9149,jpg
1/e/4/1/1e41cc2db9fe60815bd5c0a431a1b546a561f3ce_10598481_Philips.jpg,10598481-Philips.jpg,image/jpeg,21067,jpg
9/0/4/d/904dcd34a0518d51856f8f55462b22150d5c7f0a_15743_12549272_187.jpg,15743_12549272-187.jpg,image/jpeg,24825,jpg
8/1/f/e/81fec40e0b24f92453e3aa47c9a73b7273416b3c_10055902_Philips.jpg,10055902-Philips.jpg,image/jpeg,27869,jpg
5/6/7/c/567ce7e4b64a0b2674017bf60b77deb0b7ad76e2_10970033_1139.jpg,10970033-1139.jpg,image/jpeg,18078,jpg
8/c/f/d/8cfd2fce4f379b96395863feb3934beff06f2bf9_11898445_394.jpg,11898445-394.jpg,image/jpeg,20097,jpg
8/2/a/d/82add85a8b731cd45009d47b38e87b258ff0aa29_10663527_2426.jpg,10663527-2426.jpg,image/jpeg,26365,jpg
7/9/9/c/799c621fc8a5a885fe0284116ae0cd807849fa74_10772282_8764.jpg,10772282-8764.jpg,image/jpeg,11262,jpg
1/d/d/e/1ddeba8f7bd139b9d03a2677925b55f41f37b12f_15743_11102651_3195.jpg,15743_11102651-3195.jpg,image/jpeg,14889,jpg
4/2/4/a/424aa1d1bb381010d1389d0157eeea2a71ceaf7f_10738335_5132.jpg,10738335-5132.jpg,image/jpeg,18603,jpg
7/3/0/1/7301bae59007c651a9662a2b3f51108506f711a9_1077546_3927.jpg,1077546-3927.jpg,image/jpeg,21059,jpg
5/2/c/6/52c68729abf39cf16b0c1470e8c57e70e1ee69ec_1002311_3210.jpg,1002311-3210.jpg,image/jpeg,10820,jpg
6/4/8/3/64833b4cfd3911fb0ce49096a92bd5eaeca14401_10672501_596.jpg,10672501-596.jpg,image/jpeg,42752,jpg
7/3/4/2/734204efc00bb9dc539394a7fef4001fdeee8369_11051162_7823.jpg,11051162-7823.jpg,image/jpeg,19474,jpg
5/0/6/0/50602bd66436cada3f21bf69b65b104bdb3c747d_12239064_HP.jpg,12239064-HP.jpg,image/jpeg,9768,jpg
a/5/9/a/a59a9ce0adb0943d60d4cad59e1f04f23fd78b4e_10817854_5160.jpg,10817854-5160.jpg,image/jpeg,55147,jpg
b/1/d/3/b1d351ab8f959e2990e062d64fc2a9947d8cf8f5_12468511_Philips.jpg,12468511-Philips.jpg,image/jpeg,16250,jpg
f/3/b/e/f3bec1b5e640d9c35242c01b729fb575f4bd5364_10791984_6878.jpg,10791984-6878.jpg,image/jpeg,13894,jpg
c/b/f/0/cbf0bed9d91d0c3ff8ab28a28fff5bfc0c727ada_10643171_Philips.jpg,10643171-Philips.jpg,image/jpeg,30842,jpg
8/2/b/8/82b872379b5b7c9188937bf116fde1bf6420ddb5_10709378_2259.jpg,10709378-2259.jpg,image/jpeg,13042,jpg
2/0/7/f/207f3c35ceb10bf13d48024dfd1776b8a04baaf5_1232316_7018.jpg,1232316-7018.jpg,image/jpeg,12781,jpg
c/5/0/d/c50dd13a93ce5198723e9b8c3d396ca1cf75af6e_11332479_2858.jpg,11332479-2858.jpg,image/jpeg,18467,jpg
3/f/8/e/3f8eafce8be737e92229d0419d9e5a99dc8cade2_10627328_562.jpg,10627328-562.jpg,image/jpeg,16146,jpg
b/d/c/3/bdc30d71a38066866bf81dff230acbca9dbd5c83_10620069_1317.jpg,10620069-1317.jpg,image/jpeg,15623,jpg
8/5/e/3/85e3c5b8b4a29f717aa1c0f16d7fe1796ac1cead_1002239_7457.jpg,1002239-7457.jpg,image/jpeg,17492,jpg
2/c/a/b/2cabe231c93ab3a5f9f50c1567fd6c41a0175aeb_10627331_3228.jpg,10627331-3228.jpg,image/jpeg,20968,jpg
d/8/e/3/d8e3b145bb52d08c71fcd0299d97326bed68d570_10699783_840.jpg,10699783-840.jpg,image/jpeg,6451,jpg
8/d/6/c/8d6ccce045809a40ba48943e20e5b49c39cc4369_1209128_Trust.jpg,1209128-Trust.jpg,image/jpeg,7746,jpg
7/2/6/0/7260d17ea6c4a6b23186703689334bfde2cd4854_10066052_6998.jpg,10066052-6998.jpg,image/jpeg,10329,jpg
0/6/7/e/067ea210099933d41c9445552b22087536c6966e_samtv.jpg,samtv.jpg,image/jpeg,384236,jpg
e/3/1/a/e31a495abecf5c2e7085c21ce20249eca76697ee_samtv.jpg,samtv.jpg,image/jpeg,384236,jpg
b/f/1/3/bf13454659f45ca349b1d7543e5e00a3f6d69bd3_samtv.jpg,samtv.jpg,image/jpeg,384236,jpg
b/6/8/7/b6874afcb2e9035ee1d550489165417dd2571a6c_10668550_747.jpg,10668550-747.jpg,image/jpeg,9418,jpg
f/6/e/7/f6e730fd795f0bf195a06bd71411a3e39fee2e72_13359777_233.jpg,13359777-233.jpg,image/jpeg,12331,jpg
c/f/a/d/cfad4c448adeff8e2dc24084677330ee3a2ccab5_101546_5518.jpg,101546-5518.jpg,image/jpeg,8568,jpg
0/f/6/0/0f607703632e485c0c6d2e31c4028a3334ecd0b7_10598379_Philips.jpg,10598379-Philips.jpg,image/jpeg,19519,jpg
5/4/2/b/542b17a48420721065ac8725086330e7a278ad48_13710101_Philips.jpg,13710101-Philips.jpg,image/jpeg,8157,jpg
0/5/c/f/05cf0be4547b81456a2d736eb5275c0c66dfc0c6_10806799_1356.jpg,10806799-1356.jpg,image/jpeg,16070,jpg
7/4/0/9/7409f7b4869351586e7d475401f16c07b61a2ed6_10584885_7547.jpg,10584885-7547.jpg,image/jpeg,14971,jpg
b/1/4/3/b14377d474ea83f0e2fa809e68e6d8ca839a6b20_15743_12360635_6782.jpg,15743_12360635-6782.jpg,image/jpeg,16390,jpg
b/b/9/f/bb9feffc219b2aa456fa7def373bc7de60d12313_1004114_4416.jpg,1004114-4416.jpg,image/jpeg,12169,jpg
9/c/5/7/9c57f229fea8f091b81b54e35e88ad34a3a88c6b_11090767_332.jpg,11090767-332.jpg,image/jpeg,7678,jpg
3/e/3/f/3e3f1018b886dac2e9695c27f067e68899020f7f_1077553_5275.jpg,1077553-5275.jpg,image/jpeg,17550,jpg
2/f/c/8/2fc813946a588d63dacb88f96e7cae926938be2b_belt.jpg,belt.jpg,image/jpeg,7486,jpg
b/2/9/d/b29d52e6b38fc078633494405d47d78272eb9b1b_10493290_346.jpg,10493290-346.jpg,image/jpeg,16504,jpg
e/7/7/a/e77a971cabf68b8c8c606b4fea1b162939a6cc13_10620502_5164.jpg,10620502-5164.jpg,image/jpeg,19696,jpg
6/f/7/f/6f7fc6fa89ee8b1652e0c193c7bb228cc68c9d3a_13549634_8648.jpg,13549634-8648.jpg,image/jpeg,24072,jpg
7/7/e/a/77eafe2bff890264c10f4d869e5b8b9c1db94f7e_10734346_1480.jpg,10734346-1480.jpg,image/jpeg,16454,jpg
b/f/a/a/bfaa3692b45ed52c0ef1b85d82030c3100d83b43_1232939_6100.jpg,1232939-6100.jpg,image/jpeg,12603,jpg
c/5/4/6/c546b777bf925b5b7062d8ed149a3ad013b953ff_hat.jpg,hat.jpg,image/jpeg,8787,jpg
0/8/0/8/0808cebd98e99779fbef1fc0868a0df74d746332_13052759_8017.jpg,13052759-8017.jpg,image/jpeg,12086,jpg
f/3/9/f/f39fda529c51d0aaba1fc13152eeb2b5c290865c_12732545_8046.jpg,12732545-8046.jpg,image/jpeg,19362,jpg
d/9/5/f/d95f756e5e2b7ba94b2cb724860960c02667993d_11042550_1577.jpg,11042550-1577.jpg,image/jpeg,43225,jpg
0/2/1/8/0218c529ff2d37aaf7fd278490bda81e3e41d7bc_10958432_Sony.jpg,10958432-Sony.jpg,image/jpeg,23057,jpg
d/3/d/4/d3d4fbff3ec84b3a3290630d7bb763bef19fc95a_10655470_4868.jpg,10655470-4868.jpg,image/jpeg,9085,jpg
6/b/7/4/6b7477897ec5e9b0308364ddbc8de382a4b426c9_10646929_3544.jpg,10646929-3544.jpg,image/jpeg,16711,jpg
d/7/e/5/d7e5ae1b75c309d57af924b922515577ddac9114_15743_12312165_8610.jpg,15743_12312165-8610.jpg,image/jpeg,18790,jpg
e/3/8/2/e382e82d45fec5c60c433563073668a59fefbafe_12026248_Philips.jpg,12026248-Philips.jpg,image/jpeg,11147,jpg
2/4/8/0/24800f98ed0de1fe4e9ea6146edd98f6fda76b5d_10727018_8169.jpg,10727018-8169.jpg,image/jpeg,27223,jpg
2/3/a/6/23a68606ff24f490272b59b0cd72746530113c4e_15743_10661721_4414.jpg,15743_10661721-4414.jpg,image/jpeg,7310,jpg
c/d/b/6/cdb6555ceddf08876585737ef32a1ce4eab55b37_13387800_840.jpg,13387800-840.jpg,image/jpeg,14704,jpg
5/3/f/5/53f55a681414d70b581fcb4a6b4e61e36f305441_scarf.jpg,scarf.jpg,image/jpeg,5510,jpg
5/1/7/3/5173989199a7fc7e3ffdc94cd2ef17f7c9b698c3_13374511_5041.jpg,13374511-5041.jpg,image/jpeg,11093,jpg
8/c/a/4/8ca475faf639483d5747a5ac4006e0ee4f181a0f_10638601_Philips.jpg,10638601-Philips.jpg,image/jpeg,24184,jpg
1/e/f/d/1efd122fcf2d60382208efff91e38de56dd3f75b_15743_10499018_640.jpg,15743_10499018-640.jpg,image/jpeg,20470,jpg
3/5/6/1/3561599e1a0163a9385bd6740e4fa18dfeb9f95b_12431976_8797.jpg,12431976-8797.jpg,image/jpeg,19725,jpg
d/4/9/4/d494b564b252ad763f0daa2ffec359d14c7a1d6c_10813144_4758.jpg,10813144-4758.jpg,image/jpeg,21925,jpg
8/0/3/9/80395342363943d8af2a20c7764ce13af0f97c44_102774.jpg,102774.jpg,image/jpeg,4313,jpg
2/7/0/d/270d9b7e5c0cadee9ca7c398b29fa984df0b0cad_11881648_7170.jpg,11881648-7170.jpg,image/jpeg,6656,jpg
f/1/0/7/f107552bd861e97e8a857e399075971e4451b3a9_10978314_5271.jpg,10978314-5271.jpg,image/jpeg,21268,jpg
7/3/1/0/73102e8bf9a198ccf76f85a5600492d6bacc1e1a_107406_9841.jpg,107406-9841.jpg,image/jpeg,17639,jpg
9/6/5/f/965fe4485e9917f39e2d9e7ef3ed32ad4f8f5b96_10058031_9207.jpg,10058031-9207.jpg,image/jpeg,26641,jpg
6/4/d/5/64d5510ab54ea4aab888705ad3bd1402c1823476_10959423_2323.jpg,10959423-2323.jpg,image/jpeg,13456,jpg
a/c/c/0/acc08f63a4ec27561ac6ebd26f3f4af372d52e56_12249741_3548.jpg,12249741-3548.jpg,image/jpeg,14285,jpg
6/7/0/2/6702713549db9558e9bcb685c6d5aec163dd6ef2_102696.jpg,102696.jpg,image/jpeg,3850,jpg
a/4/6/d/a46d2f4e78f34277165f4a575832f1bd42084524_10485060_4713.jpg,10485060-4713.jpg,image/jpeg,12505,jpg
f/2/7/4/f27432864710736129c5bacf8632147b14948b57_sunglasses.jpg,sunglasses.jpg,image/jpeg,4454,jpg
7/6/f/b/76fbc4bdbdf2bc5862013e04c3307db490c29f83_11042552_8439.jpg,11042552-8439.jpg,image/jpeg,15154,jpg
a/1/e/2/a1e26b5f7e438f8d9aadd7d15fcc7bf90f724b43_10734342_3677.jpg,10734342-3677.jpg,image/jpeg,18313,jpg
8/8/0/d/880d8b727f0dcba2d0dc63b9c31fd35ec9d944ba_102788.jpg,102788.jpg,image/jpeg,3790,jpg
0/f/d/2/0fd2f7b454ba0eff738083547038dcfcbffe45f2_11134795_2747.jpg,11134795-2747.jpg,image/jpeg,13719,jpg
0/d/2/d/0d2df6e6a7b8e554ad71d811a83146185112f291_11134796_6865.jpg,11134796-6865.jpg,image/jpeg,12143,jpg
a/8/c/a/a8ca5f13351ae87019cff30255d20d5b909cb5b3_12239052_HP.jpg,12239052-HP.jpg,image/jpeg,12074,jpg
7/7/8/b/778bbe4f1eb6663c787ed276e32db5f8e9ca89d9_10776151_5360.jpg,10776151-5360.jpg,image/jpeg,50571,jpg
1/1/e/f/11ef8d33c6ea9e0aa5bc7037bd6b931f53c83596_11164822_Philips.jpg,11164822-Philips.jpg,image/jpeg,8545,jpg
1/a/c/a/1aca0c533fc945d987eb110bc2936306003d4759_10645955_9731.jpg,10645955-9731.jpg,image/jpeg,17843,jpg
f/8/5/f/f85f8d35c8496a2ab0049293662676db48981325_1211614_5608.jpg,1211614-5608.jpg,image/jpeg,4488,jpg
c/e/8/6/ce86a28c340d1b57b46555de155680d90dfc117b_10649473_8098.jpg,10649473-8098.jpg,image/jpeg,32134,jpg
0/1/c/9/01c977e3ae39d704ae671ff008098f71e61ea0f4_15743_10655295_2946.jpg,15743_10655295-2946.jpg,image/jpeg,7310,jpg
1/7/1/5/171503513fb3deb9d9ccebe46c1d3f03d7a6fef7_10794815_5420.jpg,10794815-5420.jpg,image/jpeg,23184,jpg
1/f/d/a/1fda527a37712d23225227d2d8aa0a695d955d19_13538907_8630.jpg,13538907-8630.jpg,image/jpeg,17577,jpg
d/c/a/f/dcafe3acc37ebc8a73566343301dfb77c386b284_12473010_Sony.jpg,12473010-Sony.jpg,image/jpeg,20776,jpg
6/a/4/3/6a43f74cf482b0049108ad4030928540bb109638_15743_12255228_692.jpg,15743_12255228-692.jpg,image/jpeg,13359,jpg
9/3/8/1/9381ba5322c1bd6ae940e9b8e2cc5e30cfa15fb2_11332477_5781.jpg,11332477-5781.jpg,image/jpeg,18800,jpg
c/9/2/7/c927b1d97921786b188e3fb604f11c285842b2b3_10646908_5974.jpg,10646908-5974.jpg,image/jpeg,33133,jpg
0/8/c/a/08cac6eed63f6008078375f8d69183137ffd8471_10776961_4029.jpg,10776961-4029.jpg,image/jpeg,9175,jpg
5/f/6/c/5f6cb3bec62848892a4738e82e6815e91f6d7da1_10646015_963.jpg,10646015-963.jpg,image/jpeg,11308,jpg
6/f/d/d/6fdd062fa468abafc1f3c0593f897105255f5662_15743_10660721_6413.jpg,15743_10660721-6413.jpg,image/jpeg,24989,jpg
2/b/c/4/2bc48a9af05946db6210b3dbe82665518100d1e8_11134785_5058.jpg,11134785-5058.jpg,image/jpeg,12898,jpg
c/5/9/e/c59ede313658d87762abcaca55dec18059f7bae1_10646931_5446.jpg,10646931-5446.jpg,image/jpeg,21681,jpg
b/6/0/2/b60254522015000c91065c136eff98f8f3f80a27_10959424_8604.jpg,10959424-8604.jpg,image/jpeg,15540,jpg
b/0/c/b/b0cb9ec34b10e2f7d77fcb1358b523e6c80d953f_10806800_2267.jpg,10806800-2267.jpg,image/jpeg,16070,jpg
f/f/8/1/ff815a8ed9996bcf9d995908237c2cfabdaebdf6_10813145_Sony.jpg,10813145-Sony.jpg,image/jpeg,25791,jpg
1/c/9/d/1c9d39e8a1fe008e6b5b83070ccb8b8ac96a32d4_10597353_1104.jpg,10597353-1104.jpg,image/jpeg,7896,jpg
9/b/d/9/9bd9d4950ee9897a4f9fff8c593def460ac7bdc6_13544547_6105.jpg,13544547-6105.jpg,image/jpeg,15522,jpg
b/e/6/1/be61729d10ecf32cc4e88b4bd69b80fab3a3d6eb_11898446_9208.jpg,11898446-9208.jpg,image/jpeg,19098,jpg
6/6/d/6/66d6b7725a4431171492db02d9bad967e04d034b_12249740_4511.jpg,12249740-4511.jpg,image/jpeg,7413,jpg
1/d/9/a/1d9a36ebb4d61675985062bdc5c8020471c1d009_athena.jpg,athena.jpg,image/jpeg,3069,jpg
1/d/1/e/1d1e8d749d9cf587c4b33e2bdcadab049cbd3b00_athena.jpg,athena.jpg,image/jpeg,3069,jpg
4/2/2/f/422f0dbeeeedd1053a5fd0cdccbf288849beeb24_10627329_7290.jpg,10627329-7290.jpg,image/jpeg,9410,jpg
0/c/2/8/0c28cf767e1db43bf4ac28d1eefa92398f2a6b48_1314976_5566.jpg,1314976-5566.jpg,image/jpeg,8660,jpg
9/d/6/a/9d6aa6c641d9f16b7dc20321c3c67233470a6787_unique_size.jpg,unique-size.jpg,image/jpeg,261678,jpg
f/4/b/a/f4ba1746738bf485c109074be190ffda279e0bd1_running_shoe_371625_960_720.jpg,running-shoe-371625_960_720.jpg,image/jpeg,140579,jpg
f/1/5/c/f15cddd2f1fb63ac82057bd42ff0a94289e9a7ae_running_shoe_371624_960_720_pink.jpg,running-shoe-371624_960_720-pink.jpg,image/jpeg,136338,jpg
1/6/5/c/165cdd9b14b40eafda360deb04f294f31cc77861_magento.png,magento.png,image/png,6800,png
2/d/e/c/2dec24dca3e7d8799c1b375b34f82851f787f19d_sap.png,sap.png,image/png,2464,png
c/1/6/6/c166f53666e5100cedf6ad8978f8873aba00e038_alkemics.png,alkemics.png,image/png,1349,png
e/7/4/e/e74e062901d4734472287024befa5637b1680064_translations_com.png,translations_com.png,image/png,2947,png
